  {
    "countryName":"Uganda",
    "countryShortCode":"UG",
    "regions":[
      {
        "name":"Abim",
        "shortCode":"317"
      },
      {
        "name":"Adjumani",
        "shortCode":"301"
      },
      {
        "name":"Amolatar",
        "shortCode":"314"
      },
      {
        "name":"Amuria",
        "shortCode":"216"
      },
      {
        "name":"Amuru",
        "shortCode":"319"
      },
      {
        "name":"Apac",
        "shortCode":"302"
      },
      {
        "name":"Arua",
        "shortCode":"303"
      },
      {
        "name":"Budaka",
        "shortCode":"217"
      },
      {
        "name":"Bududa",
        "shortCode":"223"
      },
      {
        "name":"Bugiri",
        "shortCode":"201"
      },
      {
        "name":"Bukedea",
        "shortCode":"224"
      },
      {
        "name":"Bukwa",
        "shortCode":"218"
      },
      {
        "name":"Buliisa",
        "shortCode":"419"
      },
      {
        "name":"Bundibugyo",
        "shortCode":"401"
      },
      {
        "name":"Bushenyi",
        "shortCode":"402"
      },
      {
        "name":"Busia",
        "shortCode":"202"
      },
      {
        "name":"Butaleja",
        "shortCode":"219"
      },
      {
        "name":"Dokolo",
        "shortCode":"318"
      },
      {
        "name":"Gulu",
        "shortCode":"304"
      },
      {
        "name":"Hoima",
        "shortCode":"403"
      },
      {
        "name":"Ibanda",
        "shortCode":"416"
      },
      {
        "name":"Iganga",
        "shortCode":"203"
      },
      {
        "name":"Isingiro",
        "shortCode":"417"
      },
      {
        "name":"Jinja",
        "shortCode":"204"
      },
      {
        "name":"Kaabong",
        "shortCode":"315"
      },
      {
        "name":"Kabale",
        "shortCode":"404"
      },
      {
        "name":"Kabarole",
        "shortCode":"405"
      },
      {
        "name":"Kaberamaido",
        "shortCode":"213"
      },
      {
        "name":"Kalangala",
        "shortCode":"101"
      },
      {
        "name":"Kaliro",
        "shortCode":"220"
      },
      {
        "name":"Kampala",
        "shortCode":"102"
      },
      {
        "name":"Kamuli",
        "shortCode":"205"
      },
      {
        "name":"Kamwenge",
        "shortCode":"413"
      },
      {
        "name":"Kanungu",
        "shortCode":"414"
      },
      {
        "name":"Kapchorwa",
        "shortCode":"206"
      },
      {
        "name":"Kasese",
        "shortCode":"406"
      },
      {
        "name":"Katakwi",
        "shortCode":"207"
      },
      {
        "name":"Kayunga",
        "shortCode":"112"
      },
      {
        "name":"Kibaale",
        "shortCode":"407"
      },
      {
        "name":"Kiboga",
        "shortCode":"103"
      },
      {
        "name":"Kiruhura",
        "shortCode":"418"
      },
      {
        "name":"Kisoro",
        "shortCode":"408"
      },
      {
        "name":"Kitgum",
        "shortCode":"305"
      },
      {
        "name":"Koboko",
        "shortCode":"316"
      },
      {
        "name":"Kotido",
        "shortCode":"306"
      },
      {
        "name":"Kumi",
        "shortCode":"208"
      },
      {
        "name":"Kyenjojo",
        "shortCode":"415"
      },
      {
        "name":"Lira",
        "shortCode":"307"
      },
      {
        "name":"Luwero",
        "shortCode":"104"
      },
      {
        "name":"Lyantonde",
        "shortCode":"116"
      },
      {
        "name":"Manafwa",
        "shortCode":"221"
      },
      {
        "name":"Maracha",
        "shortCode":"320"
      },
      {
        "name":"Masaka",
        "shortCode":"105"
      },
      {
        "name":"Masindi",
        "shortCode":"409"
      },
      {
        "name":"Mayuge",
        "shortCode":"214"
      },
      {
        "name":"Mbale",
        "shortCode":"209"
      },
      {
        "name":"Mbarara",
        "shortCode":"410"
      },
      {
        "name":"Mityana",
        "shortCode":"114"
      },
      {
        "name":"Moroto",
        "shortCode":"308"
      },
      {
        "name":"Moyo",
        "shortCode":"309"
      },
      {
        "name":"Mpigi",
        "shortCode":"106"
      },
      {
        "name":"Mubende",
        "shortCode":"107"
      },
      {
        "name":"Mukono",
        "shortCode":"108"
      },
      {
        "name":"Nakapiripirit",
        "shortCode":"311"
      },
      {
        "name":"Nakaseke",
        "shortCode":"115"
      },
      {
        "name":"Nakasongola",
        "shortCode":"109"
      },
      {
        "name":"Namutumba",
        "shortCode":"222"
      },
      {
        "name":"Nebbi",
        "shortCode":"310"
      },
      {
        "name":"Ntungamo",
        "shortCode":"411"
      },
      {
        "name":"Oyam",
        "shortCode":"321"
      },
      {
        "name":"Pader",
        "shortCode":"312"
      },
      {
        "name":"Pallisa",
        "shortCode":"210"
      },
      {
        "name":"Rakai",
        "shortCode":"110"
      },
      {
        "name":"Rukungiri",
        "shortCode":"412"
      },
      {
        "name":"Sembabule",
        "shortCode":"111"
      },
      {
        "name":"Sironko",
        "shortCode":"215"
      },
      {
        "name":"Soroti",
        "shortCode":"211"
      },
      {
        "name":"Tororo",
        "shortCode":"212"
      },
      {
        "name":"Wakiso",
        "shortCode":"113"
      },
      {
        "name":"Yumbe",
        "shortCode":"313"
      }
    ]
  },
  {
    "countryName":"Ukraine",
    "countryShortCode":"UA",
    "regions":[
      {
        "name":"Cherkasy",
        "shortCode":"71"
      },
      {
        "name":"Chernihiv",
        "shortCode":"74"
      },
      {
        "name":"Chernivtsi",
        "shortCode":"77"
      },
      {
        "name":"Dnipropetrovsk",
        "shortCode":"12"
      },
      {
        "name":"Donetsk",
        "shortCode":"14"
      },
      {
        "name":"Ivano-Frankivsk",
        "shortCode":"26"
      },
      {
        "name":"Kharkiv",
        "shortCode":"63"
      },
      {
        "name":"Kherson",
        "shortCode":"65"
      },
      {
        "name":"Khmelnytskyi",
        "shortCode":"68"
      },
      {
        "name":"Kiev",
        "shortCode":"32"
      },
      {
        "name":"Kirovohrad",
        "shortCode":"35"
      },
      {
        "name":"Luhansk",
        "shortCode":"09"
      },
      {
        "name":"Lviv",
        "shortCode":"46"
      },
      {
        "name":"Mykolaiv",
        "shortCode":"48"
      },
      {
        "name":"Odessa",
        "shortCode":"51"
      },
      {
        "name":"Poltava",
        "shortCode":"53"
      },
      {
        "name":"Rivne",
        "shortCode":"56"
      },
      {
        "name":"Sumy",
        "shortCode":"59"
      },
      {
        "name":"Ternopil",
        "shortCode":"61"
      },
      {
        "name":"Vinnytsia",
        "shortCode":"05"
      },
      {
        "name":"Volyn",
        "shortCode":"07"
      },
      {
        "name":"Zakarpattia",
        "shortCode":"21"
      },
      {
        "name":"Zaporizhia",
        "shortCode":"23"
      },
      {
        "name":"Zhytomyr",
        "shortCode":"18"
      },
      {
        "name":"Avtonomna Respublika Krym",
        "shortCode":"43"
      },
      {
        "name":"Kyïv",
        "shortCode":"30"
      },
      {
        "name":"Sevastopol",
        "shortCode":"40"
      }
    ]
  },
  {
    "countryName":"United Arab Emirates",
    "countryShortCode":"AE",
    "regions":[
      {
        "name":"Abu Dhabi",
        "shortCode":"AZ"
      },
      {
        "name":"Ajman",
        "shortCode":"AJ"
      },
      {
        "name":"Dubai",
        "shortCode":"DU"
      },
      {
        "name":"Fujairah",
        "shortCode":"FU"
      },
      {
        "name":"Ras al Khaimah",
        "shortCode":"RK"
      },
      {
        "name":"Sharjah",
        "shortCode":"SH"
      },
      {
        "name":"Umm Al Quwain",
        "shortCode":"UQ"
      }
    ]
  },
  {
    "countryName":"United Kingdom",
    "countryShortCode":"GB",
    "regions":[
      {
        "name":"Avon",
        "shortCode":"AVN"
      },
      {
        "name":"Bedfordshire",
        "shortCode":"BDF"
      },
      {
        "name":"Berkshire",
        "shortCode":"BRK"
      },
      {
        "name":"Bristol, City of",
        "shortCode":"COB"
      },
      {
        "name":"Buckinghamshire",
        "shortCode":"BKM"
      },
      {
        "name":"Cambridgeshire",
        "shortCode":"CAM"
      },
      {
        "name":"Cheshire",
        "shortCode":"CHS"
      },
      {
        "name":"Cleveland",
        "shortCode":"CLV"
      },
      {
        "name":"Cornwall",
        "shortCode":"CON"
      },
      {
        "name":"Cumbria",
        "shortCode":"CMA"
      },
      {
        "name":"Derbyshire",
        "shortCode":"DBY"
      },
      {
        "name":"Devon",
        "shortCode":"DEV"
      },
      {
        "name":"Dorset",
        "shortCode":"DOR"
      },
      {
        "name":"Durham",
        "shortCode":"DUR"
      },
      {
        "name":"East Sussex",
        "shortCode":"SXE"
      },
      {
        "name":"Essex",
        "shortCode":"ESS"
      },
      {
        "name":"Gloucestershire",
        "shortCode":"GLS"
      },
      {
        "name":"Greater London",
        "shortCode":"LND"
      },
      {
        "name":"Greater Manchester",
        "shortCode":"GTM"
      },
      {
        "name":"Hampshire (County of Southampton)",
        "shortCode":"HAM"
      },
      {
        "name":"Hereford and Worcester",
        "shortCode":"HWR"
      },
      {
        "name":"Herefordshire",
        "shortCode":"HEF"
      },
      {
        "name":"Hertfordshire",
        "shortCode":"HRT"
      },
      {
        "name":"Isle of Wight",
        "shortCode":"IOW"
      },
      {
        "name":"Kent",
        "shortCode":"KEN"
      },
      {
        "name":"Lancashire",
        "shortCode":"LAN"
      },
      {
        "name":"Leicestershire",
        "shortCode":"LEI"
      },
      {
        "name":"Lincolnshire",
        "shortCode":"LIN"
      },
      {
        "name":"London",
        "shortCode":"LDN"
      },
      {
        "name":"Merseyside",
        "shortCode":"MSY"
      },
      {
        "name":"Middlesex",
        "shortCode":"MDX"
      },
      {
        "name":"Norfolk",
        "shortCode":"NFK"
      },
      {
        "name":"Northamptonshire",
        "shortCode":"NTH"
      },
      {
        "name":"Northumberland",
        "shortCode":"NBL"
      },
      {
        "name":"North Humberside",
        "shortCode":"NHM"
      },
      {
        "name":"North Yorkshire",
        "shortCode":"NYK"
      },
      {
        "name":"Nottinghamshire",
        "shortCode":"NTT"
      },
      {
        "name":"Oxfordshire",
        "shortCode":"OXF"
      },
      {
        "name":"Rutland",
        "shortCode":"RUT"
      },
      {
        "name":"Shropshire",
        "shortCode":"SAL"
      },
      {
        "name":"Somerset",
        "shortCode":"SOM"
      },
      {
        "name":"South Humberside",
        "shortCode":"SHM"
      },
      {
        "name":"South Yorkshire",
        "shortCode":"SYK"
      },
      {
        "name":"Staffordshire",
        "shortCode":"STS"
      },
      {
        "name":"Suffolk",
        "shortCode":"SFK"
      },
      {
        "name":"Surrey",
        "shortCode":"SRY"
      },
      {
        "name":"Tyne and Wear",
        "shortCode":"TWR"
      },
      {
        "name":"Warwickshire",
        "shortCode":"WAR"
      },
      {
        "name":"West Midlands",
        "shortCode":"WMD"
      },
      {
        "name":"West Sussex",
        "shortCode":"SXW"
      },
      {
        "name":"West Yorkshire",
        "shortCode":"WYK"
      },
      {
        "name":"Wiltshire",
        "shortCode":"WIL"
      },
      {
        "name":"Worcestershire",
        "shortCode":"WOR"
      },
      {
        "name":"Antrim",
        "shortCode":"ANT"
      },
      {
        "name":"Armagh",
        "shortCode":"ARM"
      },
      {
        "name":"Belfast, City of",
        "shortCode":"BLF"
      },
      {
        "name":"Down",
        "shortCode":"DOW"
      },
      {
        "name":"Fermanagh",
        "shortCode":"FER"
      },
      {
        "name":"Londonderry",
        "shortCode":"LDY"
      },
      {
        "name":"Derry, City of",
        "shortCode":"DRY"
      },
      {
        "name":"Tyrone",
        "shortCode":"TYR"
      },
      {
        "name":"Aberdeen, City of",
        "shortCode":"AN"
      },
      {
        "name":"Aberdeenshire",
        "shortCode":"ABD"
      },
      {
        "name":"Angus (Forfarshire)",
        "shortCode":"ANS"
      },
      {
        "name":"Argyll",
        "shortCode":"AGB"
      },
      {
        "name":"Ayrshire",
        "shortCode":"ARG"
      },
      {
        "name":"Banffshire",
        "shortCode":"BAN"
      },
      {
        "name":"Berwickshire",
        "shortCode":"BEW"
      },
      {
        "name":"Bute",
        "shortCode":"BUT"
      },
      {
        "name":"Caithness",
        "shortCode":"CAI"
      },
      {
        "name":"Clackmannanshire",
        "shortCode":"CLK"
      },
      {
        "name":"Cromartyshire",
        "shortCode":"COC"
      },
      {
        "name":"Dumfriesshire",
        "shortCode":"DFS"
      },
      {
        "name":"Dunbartonshire (Dumbarton)",
        "shortCode":"DNB"
      },
      {
        "name":"Dundee, City of",
        "shortCode":"DD"
      },
      {
        "name":"East Lothian (Haddingtonshire)",
        "shortCode":"ELN"
      },
      {
        "name":"Edinburgh, City of",
        "shortCode":"EB"
      },
      {
        "name":"Fife",
        "shortCode":"FIF"
      },
      {
        "name":"Glasgow, City of",
        "shortCode":"GLA"
      },
      {
        "name":"Inverness-shire",
        "shortCode":"INV"
      },
      {
        "name":"Kincardineshire",
        "shortCode":"KCD"
      },
      {
        "name":"Kinross-shire",
        "shortCode":"KRS"
      },
      {
        "name":"Kirkcudbrightshire",
        "shortCode":"KKD"
      },
      {
        "name":"Lanarkshire",
        "shortCode":"LKS"
      },
      {
        "name":"Midlothian (County of Edinburgh)",
        "shortCode":"MLN"
      },
      {
        "name":"Moray (Elginshire)",
        "shortCode":"MOR"
      },
      {
        "name":"Nairnshire",
        "shortCode":"NAI"
      },
      {
        "name":"Orkney",
        "shortCode":"OKI"
      },
      {
        "name":"Peeblesshire",
        "shortCode":"PEE"
      },
      {
        "name":"Perthshire",
        "shortCode":"PER"
      },
      {
        "name":"Renfrewshire",
        "shortCode":"RFW"
      },
      {
        "name":"Ross and Cromarty",
        "shortCode":"ROC"
      },
      {
        "name":"Ross-shire",
        "shortCode":"ROS"
      },
      {
        "name":"Roxburghshire",
        "shortCode":"ROX"
      },
      {
        "name":"Selkirkshire",
        "shortCode":"SEL"
      },
      {
        "name":"Shetland (Zetland)",
        "shortCode":"SHI"
      },
      {
        "name":"Stirlingshire",
        "shortCode":"STI"
      },
      {
        "name":"Sutherland",
        "shortCode":"SUT"
      },
      {
        "name":"West Lothian (Linlithgowshire)",
        "shortCode":"WLN"
      },
      {
        "name":"Wigtownshire",
        "shortCode":"WIG"
      },
      {
        "name":"Clwyd",
        "shortCode":"CWD"
      },
      {
        "name":"Dyfed",
        "shortCode":"DFD"
      },
      {
        "name":"Gwent",
        "shortCode":"GNT"
      },
      {
        "name":"Gwynedd",
        "shortCode":"GWN"
      },
      {
        "name":"Mid Glamorgan",
        "shortCode":"MGM"
      },
      {
        "name":"Powys",
        "shortCode":"POW"
      },
      {
        "name":"South Glamorgan",
        "shortCode":"SGM"
      },
      {
        "name":"West Glamorgan",
        "shortCode":"WGM"
      }
    ]
  },
  {
    "countryName":"United States",
    "countryShortCode":"US",
    "regions":[
      {
        "name":"Alaska",
        "shortCode":"AK"
      },
      {
        "name":"Alabama",
        "shortCode":"AL"
      },
      {
        "name":"American Samoa",
        "shortCode":"AS"
      },
      {
        "name":"Arizona",
        "shortCode":"AZ"
      },
      {
        "name":"Arkansas",
        "shortCode":"AR"
      },
      {
        "name":"California",
        "shortCode":"CA"
      },
      {
        "name":"Colorado",
        "shortCode":"CO"
      },
      {
        "name":"Connecticut",
        "shortCode":"CT"
      },
      {
        "name":"Delaware",
        "shortCode":"DE"
      },
      {
        "name":"District of Columbia",
        "shortCode":"DC"
      },
      {
        "name":"Micronesia",
        "shortCode":"FM"
      },
      {
        "name":"Florida",
        "shortCode":"FL"
      },
      {
        "name":"Georgia",
        "shortCode":"GA"
      },
      {
        "name":"Guam",
        "shortCode":"GU"
      },
      {
        "name":"Hawaii",
        "shortCode":"HI"
      },
      {
        "name":"Idaho",
        "shortCode":"ID"
      },
      {
        "name":"Illinois",
        "shortCode":"IL"
      },
      {
        "name":"Indiana",
        "shortCode":"IN"
      },
      {
        "name":"Iowa",
        "shortCode":"IA"
      },
      {
        "name":"Kansas",
        "shortCode":"KS"
      },
      {
        "name":"Kentucky",
        "shortCode":"KY"
      },
      {
        "name":"Louisiana",
        "shortCode":"LA"
      },
      {
        "name":"Maine",
        "shortCode":"ME"
      },
      {
        "name":"Marshall Islands",
        "shortCode":"MH"
      },
      {
        "name":"Maryland",
        "shortCode":"MD"
      },
      {
        "name":"Massachusetts",
        "shortCode":"MA"
      },
      {
        "name":"Michigan",
        "shortCode":"MI"
      },
      {
        "name":"Minnesota",
        "shortCode":"MN"
      },
      {
        "name":"Mississippi",
        "shortCode":"MS"
      },
      {
        "name":"Missouri",
        "shortCode":"MO"
      },
      {
        "name":"Montana",
        "shortCode":"MT"
      },
      {
        "name":"Nebraska",
        "shortCode":"NE"
      },
      {
        "name":"Nevada",
        "shortCode":"NV"
      },
      {
        "name":"New Hampshire",
        "shortCode":"NH"
      },
      {
        "name":"New Jersey",
        "shortCode":"NJ"
      },
      {
        "name":"New Mexico",
        "shortCode":"NM"
      },
      {
        "name":"New York",
        "shortCode":"NY"
      },
      {
        "name":"North Carolina",
        "shortCode":"NC"
      },
      {
        "name":"North Dakota",
        "shortCode":"ND"
      },
      {
        "name":"Northern Mariana Islands",
        "shortCode":"MP"
      },
      {
        "name":"Ohio",
        "shortCode":"OH"
      },
      {
        "name":"Oklahoma",
        "shortCode":"OK"
      },
      {
        "name":"Oregon",
        "shortCode":"OR"
      },
      {
        "name":"Palau",
        "shortCode":"PW"
      },
      {
        "name":"Pennsylvania",
        "shortCode":"PA"
      },
      {
        "name":"Puerto Rico",
        "shortCode":"PR"
      },
      {
        "name":"Rhode Island",
        "shortCode":"RI"
      },
      {
        "name":"South Carolina",
        "shortCode":"SC"
      },
      {
        "name":"South Dakota",
        "shortCode":"SD"
      },
      {
        "name":"Tennessee",
        "shortCode":"TN"
      },
      {
        "name":"Texas",
        "shortCode":"TX"
      },
      {
        "name":"Utah",
        "shortCode":"UT"
      },
      {
        "name":"Vermont",
        "shortCode":"VT"
      },
      {
        "name":"Virgin Islands",
        "shortCode":"VI"
      },
      {
        "name":"Virginia",
        "shortCode":"VA"
      },
      {
        "name":"Washington",
        "shortCode":"WA"
      },
      {
        "name":"West Virginia",
        "shortCode":"WV"
      },
      {
        "name":"Wisconsin",
        "shortCode":"WI"
      },
      {
        "name":"Wyoming",
        "shortCode":"WY"
      },
      {
        "name":"Armed Forces Americas",
        "shortCode":"AA"
      },
      {
        "name":"Armed Forces Europe, Canada, Africa and Middle East",
        "shortCode":"AE"
      },
      {
        "name":"Armed Forces Pacific",
        "shortCode":"AP"
      }
    ]
  },
  {
    "countryName":"United States Minor Outlying Islands",
    "countryShortCode":"UM",
    "regions":[
      {
        "name":"Baker Island",
        "shortCode":"81"
      },
      {
        "name":"Howland Island",
        "shortCode":"84"
      },
      {
        "name":"Jarvis Island",
        "shortCode":"86"
      },
      {
        "name":"Johnston Atoll",
        "shortCode":"67"
      },
      {
        "name":"Kingman Reef",
        "shortCode":"89"
      },
      {
        "name":"Midway Islands",
        "shortCode":"71"
      },
      {
        "name":"Navassa Island",
        "shortCode":"76"
      },
      {
        "name":"Palmyra Atoll",
        "shortCode":"95"
      },
      {
        "name":"Wake Island",
        "shortCode":"79"
      },
      {
        "name":"Bajo Nuevo Bank",
        "shortCode":"BN"
      },
      {
        "name":"Serranilla Bank",
        "shortCode":"SB"
      }
    ]
  },
  {
    "countryName":"Uruguay",
    "countryShortCode":"UY",
    "regions":[
      {
        "name":"Artigas",
        "shortCode":"AR"
      },
      {
        "name":"Canelones",
        "shortCode":"CA"
      },
      {
        "name":"Cerro Largo",
        "shortCode":"CL"
      },
      {
        "name":"Colonia",
        "shortCode":"CO"
      },
      {
        "name":"Durazno",
        "shortCode":"DU"
      },
      {
        "name":"Flores",
        "shortCode":"FS"
      },
      {
        "name":"Florida",
        "shortCode":"FD"
      },
      {
        "name":"Lavalleja",
        "shortCode":"LA"
      },
      {
        "name":"Maldonado",
        "shortCode":"MA"
      },
      {
        "name":"Montevideo",
        "shortCode":"MO"
      },
      {
        "name":"Paysandú",
        "shortCode":"PA"
      },
      {
        "name":"Río Negro",
        "shortCode":"RN"
      },
      {
        "name":"Rivera",
        "shortCode":"RV"
      },
      {
        "name":"Rocha",
        "shortCode":"RO"
      },
      {
        "name":"Salto",
        "shortCode":"SA"
      },
      {
        "name":"San José",
        "shortCode":"SJ"
      },
      {
        "name":"Soriano",
        "shortCode":"SO"
      },
      {
        "name":"Tacuarembó",
        "shortCode":"TA"
      },
      {
        "name":"Treinta y Tres",
        "shortCode":"TT"
      }
    ]
  },
  {
    "countryName":"Uzbekistan",
    "countryShortCode":"UZ",
    "regions":[
      {
        "name":"Toshkent shahri",
        "shortCode":"TK"
      },
      {
        "name":"Andijon",
        "shortCode":"AN"
      },
      {
        "name":"Buxoro",
        "shortCode":"BU"
      },
      {
        "name":"Farg‘ona",
        "shortCode":"FA"
      },
      {
        "name":"Jizzax",
        "shortCode":"JI"
      },
      {
        "name":"Namangan",
        "shortCode":"NG"
      },
      {
        "name":"Navoiy",
        "shortCode":"NW"
      },
      {
        "name":"Qashqadaryo (Qarshi)",
        "shortCode":"QA"
      },
      {
        "name":"Samarqand",
        "shortCode":"SA"
      },
      {
        "name":"Sirdaryo (Guliston)",
        "shortCode":"SI"
      },
      {
        "name":"Surxondaryo (Termiz)",
        "shortCode":"SU"
      },
      {
        "name":"Toshkent wiloyati",
        "shortCode":"TO"
      },
      {
        "name":"Xorazm (Urganch)",
        "shortCode":"XO"
      },
      {
        "name":"Qoraqalpog‘iston Respublikasi (Nukus)",
        "shortCode":"QR"
      }
    ]
  },
  {
    "countryName":"Vanuatu",
    "countryShortCode":"VU",
    "regions":[
      {
        "name":"Malampa",
        "shortCode":"MAP"
      },
      {
        "name":"Pénama",
        "shortCode":"PAM"
      },
      {
        "name":"Sanma",
        "shortCode":"SAM"
      },
      {
        "name":"Shéfa",
        "shortCode":"SEE"
      },
      {
        "name":"Taféa",
        "shortCode":"TAE"
      },
      {
        "name":"Torba",
        "shortCode":"TOB"
      }
    ]
  },
  {
    "countryName":"Venezuela, Bolivarian Republic of",
    "countryShortCode":"VE",
    "regions":[
      {
        "name":"Dependencias Federales",
        "shortCode":"W"
      },
      {
        "name":"Distrito Federal",
        "shortCode":"A"
      },
      {
        "name":"Amazonas",
        "shortCode":"Z"
      },
      {
        "name":"Anzoátegui",
        "shortCode":"B"
      },
      {
        "name":"Apure",
        "shortCode":"C"
      },
      {
        "name":"Aragua",
        "shortCode":"D"
      },
      {
        "name":"Barinas",
        "shortCode":"E"
      },
      {
        "name":"Bolívar",
        "shortCode":"F"
      },
      {
        "name":"Carabobo",
        "shortCode":"G"
      },
      {
        "name":"Cojedes",
        "shortCode":"H"
      },
      {
        "name":"Delta Amacuro",
        "shortCode":"Y"
      },
      {
        "name":"Falcón",
        "shortCode":"I"
      },
      {
        "name":"Guárico",
        "shortCode":"J"
      },
      {
        "name":"Lara",
        "shortCode":"K"
      },
      {
        "name":"Mérida",
        "shortCode":"L"
      },
      {
        "name":"Miranda",
        "shortCode":"M"
      },
      {
        "name":"Monagas",
        "shortCode":"N"
      },
      {
        "name":"Nueva Esparta",
        "shortCode":"O"
      },
      {
        "name":"Portuguesa",
        "shortCode":"P"
      },
      {
        "name":"Sucre",
        "shortCode":"R"
      },
      {
        "name":"Táchira",
        "shortCode":"S"
      },
      {
        "name":"Trujillo",
        "shortCode":"T"
      },
      {
        "name":"Vargas",
        "shortCode":"X"
      },
      {
        "name":"Yaracuy",
        "shortCode":"U"
      },
      {
        "name":"Zulia",
        "shortCode":"V"
      }
    ]
  },
  {
    "countryName":"Viet Nam",
    "countryShortCode":"VN",
    "regions":[
      {
        "name":"Đồng Nai",
        "shortCode":"39"
      },
      {
        "name":"Đồng Tháp",
        "shortCode":"45"
      },
      {
        "name":"Gia Lai",
        "shortCode":"30"
      },
      {
        "name":"Hà Giang",
        "shortCode":"03"
      },
      {
        "name":"Hà Nam",
        "shortCode":"63"
      },
      {
        "name":"Hà Tây",
        "shortCode":"15"
      },
      {
        "name":"Hà Tĩnh",
        "shortCode":"23"
      },
      {
        "name":"Hải Dương",
        "shortCode":"61"
      },
      {
        "name":"Hậu Giang",
        "shortCode":"73"
      },
      {
        "name":"Hòa Bình",
        "shortCode":"14"
      },
      {
        "name":"Hưng Yên",
        "shortCode":"66"
      },
      {
        "name":"Khánh Hòa",
        "shortCode":"34"
      },
      {
        "name":"Kiên Giang",
        "shortCode":"47"
      },
      {
        "name":"Kon Tum",
        "shortCode":"28"
      },
      {
        "name":"Lai Châu",
        "shortCode":"01"
      },
      {
        "name":"Lâm Đồng",
        "shortCode":"35"
      },
      {
        "name":"Lạng Sơn",
        "shortCode":"09"
      },
      {
        "name":"Lào Cai",
        "shortCode":"02"
      },
      {
        "name":"Long An",
        "shortCode":"41"
      },
      {
        "name":"Nam Định",
        "shortCode":"67"
      },
      {
        "name":"Nghệ An",
        "shortCode":"22"
      },
      {
        "name":"Ninh Bình",
        "shortCode":"18"
      },
      {
        "name":"Ninh Thuận",
        "shortCode":"36"
      },
      {
        "name":"Phú Thọ",
        "shortCode":"68"
      },
      {
        "name":"Phú Yên",
        "shortCode":"32"
      },
      {
        "name":"Quảng Bình",
        "shortCode":"24"
      },
      {
        "name":"Quảng Nam",
        "shortCode":"27"
      },
      {
        "name":"Quảng Ngãi",
        "shortCode":"29"
      },
      {
        "name":"Quảng Ninh",
        "shortCode":"13"
      },
      {
        "name":"Quảng Trị",
        "shortCode":"25"
      },
      {
        "name":"Sóc Trăng",
        "shortCode":"52"
      },
      {
        "name":"Sơn La",
        "shortCode":"05"
      },
      {
        "name":"Tây Ninh",
        "shortCode":"37"
      },
      {
        "name":"Thái Bình",
        "shortCode":"20"
      },
      {
        "name":"Thái Nguyên",
        "shortCode":"69"
      },
      {
        "name":"Thanh Hóa",
        "shortCode":"21"
      },
      {
        "name":"Thừa Thiên–Huế",
        "shortCode":"26"
      },
      {
        "name":"Tiền Giang",
        "shortCode":"46"
      },
      {
        "name":"Trà Vinh",
        "shortCode":"51"
      },
      {
        "name":"Tuyên Quang",
        "shortCode":"07"
      },
      {
        "name":"Vĩnh Long",
        "shortCode":"49"
      },
      {
        "name":"Vĩnh Phúc",
        "shortCode":"70"
      },
      {
        "name":"Yên Bái",
        "shortCode":"06"
      },
      {
        "name":"Cần Thơ",
        "shortCode":"CT"
      },
      {
        "name":"Đà Nẵng",
        "shortCode":"DN"
      },
      {
        "name":"Hà Nội",
        "shortCode":"HN"
      },
      {
        "name":"Hải Phòng",
        "shortCode":"HP"
      },
      {
        "name":"Hồ Chí Minh (Sài Gòn)",
        "shortCode":"SG"
      }
    ]
  },
  {
    "countryName":"Virgin Islands, British",
    "countryShortCode":"VG",
    "regions":[
      {
        "name":"Anegada",
        "shortCode":"ANG"
      },
      {
        "name":"Jost Van Dyke",
        "shortCode":"JVD"
      },
      {
        "name":"Tortola",
        "shortCode":"TTA"
      },
      {
        "name":"Virgin Gorda",
        "shortCode":"VGD"
      }
    ]
  },
  {
    "countryName":"Virgin Islands, U.S.",
    "countryShortCode":"VI",
    "regions":[
      {
        "name":"St. Thomas",
        "shortCode":"STH"
      },
      {
        "name":"St. John",
        "shortCode":"SJO"
      },
      {
        "name":"St. Croix",
        "shortCode":"SCR"
      }
    ]
  },
  {
    "countryName":"Wallis and Futuna",
    "countryShortCode":"WF",
    "regions":[
      {
        "name":"Alo",
        "shortCode":"ALO"
      },
      {
        "name":"Sigave",
        "shortCode":"SIG"
      },
      {
        "name":"Wallis",
        "shortCode":"WAL"
      }
    ]
  },
  {
    "countryName":"Western Sahara",
    "countryShortCode":"EH",
    "regions":[
      {
        "name":"Es Smara",
        "shortCode":"ESM"
      },
      {
        "name":"Boujdour",
        "shortCode":"BOD"
      },
      {
        "name":"Laâyoune",
        "shortCode":"LAA"
      },
      {
        "name":"Aousserd",
        "shortCode":"AOU"
      },
      {
        "name":"Oued ed Dahab",
        "shortCode":"OUD"
      }
    ]
  },
  {
    "countryName":"Yemen",
    "countryShortCode":"YE",
    "regions":[
      {
        "name":"Abyān",
        "shortCode":"AB"
      },
      {
        "name":"'Adan",
        "shortCode":"AD"
      },
      {
        "name":"Aḑ Ḑāli'",
        "shortCode":"DA"
      },
      {
        "name":"Al Bayḑā'",
        "shortCode":"BA"
      },
      {
        "name":"Al Ḩudaydah",
        "shortCode":"HU"
      },
      {
        "name":"Al Jawf",
        "shortCode":"JA"
      },
      {
        "name":"Al Mahrah",
        "shortCode":"MR"
      },
      {
        "name":"Al Maḩwīt",
        "shortCode":"MW"
      },
      {
        "name":"'Amrān",
        "shortCode":"AM"
      },
      {
        "name":"Dhamār",
        "shortCode":"DH"
      },
      {
        "name":"Ḩaḑramawt",
        "shortCode":"HD"
      },
      {
        "name":"Ḩajjah",
        "shortCode":"HJ"
      },
      {
        "name":"Ibb",
        "shortCode":"IB"
      },
      {
        "name":"Laḩij",
        "shortCode":"LA"
      },
      {
        "name":"Ma'rib",
        "shortCode":"MA"
      },
      {
        "name":"Raymah",
        "shortCode":"RA"
      },
      {
        "name":"Şā‘dah",
        "shortCode":"SD"
      },
      {
        "name":"Şan‘ā'",
        "shortCode":"SN"
      },
      {
        "name":"Shabwah",
        "shortCode":"SH"
      },
      {
        "name":"Tā‘izz",
        "shortCode":"TA"
      }
    ]
  },
  {
    "countryName":"Zambia",
    "countryShortCode":"ZM",
    "regions":[
      {
        "name":"Central",
        "shortCode":"02"
      },
      {
        "name":"Copperbelt",
        "shortCode":"08"
      },
      {
        "name":"Eastern",
        "shortCode":"03"
      },
      {
        "name":"Luapula",
        "shortCode":"04"
      },
      {
        "name":"Lusaka",
        "shortCode":"09"
      },
      {
        "name":"Northern",
        "shortCode":"05"
      },
      {
        "name":"North-Western",
        "shortCode":"06"
      },
      {
        "name":"Southern",
        "shortCode":"07"
      },
      {
        "name":"Western",
        "shortCode":"01"
      }
    ]
  },
  {
    "countryName":"Zimbabwe",
    "countryShortCode":"ZW",
    "regions":[
      {
        "name":"Bulawayo",
        "shortCode":"BU"
      },
      {
        "name":"Harare",
        "shortCode":"HA"
      },
      {
        "name":"Manicaland",
        "shortCode":"MA"
      },
      {
        "name":"Mashonaland Central",
        "shortCode":"MC"
      },
      {
        "name":"Mashonaland East",
        "shortCode":"ME"
      },
      {
        "name":"Mashonaland West",
        "shortCode":"MW"
      },
      {
        "name":"Masvingo",
        "shortCode":"MV"
      },
      {
        "name":"Matabeleland North",
        "shortCode":"MN"
      },
      {
        "name":"Matabeleland South",
        "shortCode":"MS"
      },
      {
        "name":"Midlands",
        "shortCode":"MI"
      }
    ]
  }